	<GVPSRequest>
	<Mode></Mode>
	<Version></Version>
	<ChannelCode></ChannelCode>
	<Terminal>
		<ProvUserID></ProvUserID>
		<HashData></HashData>
		<UserID></UserID>
		<ID></ID>
		<MerchantID></MerchantID>
	</Terminal>
	<Customer>
		<IPAddress></IPAddress> <!--zorunlu-->
		<EmailAddress></EmailAddress>
	</Customer>
	<Card>
		<Number></Number>
		<ExpireDate></ExpireDate>
		<CVV2></CVV2>
	</Card>
	<Order>
		<OrderID></OrderID>
		<GroupID></GroupID>
		<StartDate></StartDate>
		<EndDate></EndDate>
		<ItemList>
			<Item>
				<Number></Number>
				<ProductID></ProductID>
				<ProductCode></ProductCode>
				<Quantity></Quantity>
				<Price></Price>
				<TotalAmount></TotalAmount>
			</Item>
		</ItemList>	
		<AddressList>
			<Address>
				<Type>S veya B</Type> //shipping/billing 
				<Name></Name>
				<LastName></LastName>
				<Company></Company>
				<Text></Text>
				<District></District>
				<City></City>				
				<Country></Country>
				<PostalCode></PostalCode>				
				<PhoneNumber></PhoneNumber>
				<GsmNumber></GsmNumber>
				<FaxNumber></FaxNumber>
			</Address>
		</AddressList>		
		<Recurring>			
			<Type>G veya R</Type><!--R:Sabit Tutarli   G:Degisken Tutar-->
			<TotalPaymentNum></TotalPaymentNum>
			<FrequencyType>M , W , D </FrequencyType> <!--Monthly, weekly, daily-->
			<FrequencyInterval></FrequencyInterval>
			<StartDate></StartDate>
			<PaymentList>
				<Payment>
					<PaymentNum></PaymentNum>					
					<Amount></Amount>
					<DueDate></DueDate> <!-- YYYYMMDD -->
				</Payment>
			</PaymentList>
		</Recurring>
		<CommentList> 	        
			<Comment>
				<Number></Number>		
				<Text></Text>
			</Comment> 
		</CommentList>
	</Order>
	<Transaction>
		<Type></Type>
		<SubType></SubType>
		<FirmCardNo></FirmCardNo>
		<InstallmentCnt></InstallmentCnt>
		<Amount></Amount>
		<CurrencyCode></CurrencyCode>
		<OriginalRetrefNum></OriginalRetrefNum>
		<DelayDayCount></DelayDayCount> 
		<DownPaymentRate></DownPaymentRate>
		<CardholderPresentCode></CardholderPresentCode>		
		<MotoInd></MotoInd> <!-- Y/N -->
		<Description></Description>
		<CommercialCardExtendedCredit>
			<PaymentList>
				<Payment> 
					<Number></Number>
					<DueDate></DueDate>
					<Amount></Amount>
				</Payment>
			</PaymentList>
		</CommercialCardExtendedCredit>
		<Verification>
			<Identity></Identity>
			<ExtreInfo></ExtreInfo>
			<SMSPassword></SMSPassword>
		</Verification>
		<DCC>
			<Currency></Currency>
		</DCC>
		<UtilityPayment>
			<Type></Type>
			<SubscriberCode></SubscriberCode>
			<InvoiceID></InvoiceID>
		</UtilityPayment>
		<GSMUnitSales>
			<UnitID></UnitID>
			<Quantity></Quantity>
			<Amount></Amount>
		</GSMUnitSales>
		<CepBank>
			<GSMNumber></GSMNumber>
			<PaymentType>K D veya V </PaymentType> // Credit / Debit / Account
			<HashDate></HashDate>
			<HashValue></HashValue>
		</CepBank>
		<Secure3D>
			<AuthenticationCode></AuthenticationCode>
			<SecurityLevel></SecurityLevel>
			<TxnID></TxnID>
			<Md></Md>
		</Secure3D>
		<RewardList>
			<Reward>
				<Type>MR, BNS, Mil, FirmBasedBns, FirmBasedCheque</Type>
				<UsedAmount></UsedAmount>
				<GainedAmount></GainedAmount>
			</Reward>
		</RewardList>
		<ChequeList>
			<Cheque>
				<Type>P veya S</Type> 	//Player / Sozunuze urun
				<Amount></Amount>
				<Count></Count> <!-- Player -->
				<ID></ID> <!-- Sozunuze urun-->
				<Bitmap></Bitmap>
			</Cheque>
		</ChequeList>
		<MoneyCard>
			<InvoiceAmount></InvoiceAmount>
			<MigrosCCDiscountAmount></MigrosCCDiscountAmount>
			<PaymentAmount></PaymentAmount>
			<ExtraDiscountAmount></ExtraDiscountAmount>
			<ProductBasedDiscountAmount></ProductBasedDiscountAmount>
		</MoneyCard>
	</Transaction>
	<SettlementInq>
		<Date></Date>
		<TransactionSummList>
			<TransactionSumm>
				<CurrencyCode></CurrencyCode> 
				<Type></Type>
				<Count></Count>
				<Amount></Amount>
			</TransactionSumm>
		</TransactionSummList>
	</SettlementInq>
</GVPSRequest>